INSERT INTO marcas (id, nombre, create_at, modify_at) VALUES (1, 'Ford', CURRENT_TIMESTAMP, CURRENT_TIMESTAMP);
INSERT INTO marcas (id, nombre, create_at, modify_at) VALUES (2, 'Peugeot', CURRENT_TIMESTAMP, CURRENT_TIMESTAMP);
INSERT INTO marcas (id, nombre, create_at, modify_at) VALUES (3, 'Seat', CURRENT_TIMESTAMP, CURRENT_TIMESTAMP);
INSERT INTO marcas (id, nombre, create_at, modify_at) VALUES (4, 'Citroen', CURRENT_TIMESTAMP, CURRENT_TIMESTAMP);
INSERT INTO marcas (id, nombre, create_at, modify_at) VALUES (5, 'Audi', CURRENT_TIMESTAMP, CURRENT_TIMESTAMP);
INSERT INTO marcas (id, nombre, create_at, modify_at) VALUES (6, 'Renault', CURRENT_TIMESTAMP, CURRENT_TIMESTAMP);

INSERT INTO extras (id, nombre, create_at, modify_at) VALUES (1, 'A/C', CURRENT_TIMESTAMP, CURRENT_TIMESTAMP);
INSERT INTO extras (id, nombre, create_at, modify_at) VALUES (2, 'ELEVALUNAS', CURRENT_TIMESTAMP, CURRENT_TIMESTAMP);
INSERT INTO extras (id, nombre, create_at, modify_at) VALUES (3, 'CLIMATIZADOR', CURRENT_TIMESTAMP, CURRENT_TIMESTAMP);
INSERT INTO extras (id, nombre, create_at, modify_at) VALUES (4, 'GPS', CURRENT_TIMESTAMP, CURRENT_TIMESTAMP);

INSERT INTO coches (id, modelo, color, cilindrada, potencia, marca_id, create_at, modify_at) VALUES (1, '206', 'NEGRO', 1398, 68, 2, CURRENT_TIMESTAMP, CURRENT_TIMESTAMP);
INSERT INTO coches (id, modelo, color, cilindrada, potencia, marca_id, create_at, modify_at) VALUES (2, 'Xsara Picasso', 'GRIS', 1997, 90, 4, CURRENT_TIMESTAMP, CURRENT_TIMESTAMP);
INSERT INTO coches (id, modelo, color, cilindrada, potencia, marca_id, create_at, modify_at) VALUES (3, 'León', 'ROJO', 1498, 130, 3, CURRENT_TIMESTAMP, CURRENT_TIMESTAMP);
INSERT INTO coches (id, modelo, color, cilindrada, potencia, marca_id, create_at, modify_at) VALUES (4, 'Ibiza', 'BLANCO', 1198, 60, 3, CURRENT_TIMESTAMP, CURRENT_TIMESTAMP);
INSERT INTO coches (id, modelo, color, cilindrada, potencia, marca_id, create_at, modify_at) VALUES (5, 'C5', 'PLATEADO', 1749, 125, 4, CURRENT_TIMESTAMP, CURRENT_TIMESTAMP);
INSERT INTO coches (id, modelo, color, cilindrada, potencia, marca_id, create_at, modify_at) VALUES (6, 'Focus', 'AZUL', 1988, 110, 1, CURRENT_TIMESTAMP, CURRENT_TIMESTAMP);
INSERT INTO coches (id, modelo, color, cilindrada, potencia, marca_id, create_at, modify_at) VALUES (7, 'A4', 'PLATEADO', 1968, 122, 5, CURRENT_TIMESTAMP, CURRENT_TIMESTAMP);
INSERT INTO coches (id, modelo, color, cilindrada, potencia, marca_id, create_at, modify_at) VALUES (8, 'A6', 'AZUL', 2995, 340, 5, CURRENT_TIMESTAMP, CURRENT_TIMESTAMP);
INSERT INTO coches (id, modelo, color, cilindrada, potencia, marca_id, create_at, modify_at) VALUES (9, 'Twingo', 'AMARILLO', 1149, 75, 6, CURRENT_TIMESTAMP, CURRENT_TIMESTAMP);
INSERT INTO coches (id, modelo, color, cilindrada, potencia, marca_id, create_at, modify_at) VALUES (10, 'Megane', 'BLANCO', 1749, 150, 6, CURRENT_TIMESTAMP, CURRENT_TIMESTAMP);

INSERT INTO precios (id, cantidad, fecha_inicio, fecha_fin, coche_id, create_at, modify_at) VALUES (1, 18000, '2022-08-01', '2023-07-31', 1, CURRENT_TIMESTAMP, CURRENT_TIMESTAMP);
INSERT INTO precios (id, cantidad, fecha_inicio, fecha_fin, coche_id, create_at, modify_at) VALUES (2, 22595, '2022-10-07', '2023-03-20', 10, CURRENT_TIMESTAMP, CURRENT_TIMESTAMP);
INSERT INTO precios (id, cantidad, fecha_inicio, fecha_fin, coche_id, create_at, modify_at) VALUES (3, 21000, '2022-02-01', '2023-05-12', 2, CURRENT_TIMESTAMP, CURRENT_TIMESTAMP);
INSERT INTO precios (id, cantidad, fecha_inicio, fecha_fin, coche_id, create_at, modify_at) VALUES (4, 9999, '2022-02-01', '2023-11-01', 9, CURRENT_TIMESTAMP, CURRENT_TIMESTAMP);
INSERT INTO precios (id, cantidad, fecha_inicio, fecha_fin, coche_id, create_at, modify_at) VALUES (5, 24495, '2022-09-20', '2023-04-01', 3, CURRENT_TIMESTAMP, CURRENT_TIMESTAMP);
INSERT INTO precios (id, cantidad, fecha_inicio, fecha_fin, coche_id, create_at, modify_at) VALUES (6, 32995, '2021-12-01', '2023-12-31', 8, CURRENT_TIMESTAMP, CURRENT_TIMESTAMP);
INSERT INTO precios (id, cantidad, fecha_inicio, fecha_fin, coche_id, create_at, modify_at) VALUES (7, 17845, '2023-01-01', '2023-04-01', 4, CURRENT_TIMESTAMP, CURRENT_TIMESTAMP);
INSERT INTO precios (id, cantidad, fecha_inicio, fecha_fin, coche_id, create_at, modify_at) VALUES (8, 27799, '2022-10-01', '2023-04-20', 7, CURRENT_TIMESTAMP, CURRENT_TIMESTAMP);
INSERT INTO precios (id, cantidad, fecha_inicio, fecha_fin, coche_id, create_at, modify_at) VALUES (9, 24385, '2022-07-01', '2023-10-01', 5, CURRENT_TIMESTAMP, CURRENT_TIMESTAMP);
INSERT INTO precios (id, cantidad, fecha_inicio, fecha_fin, coche_id, create_at, modify_at) VALUES (10, 20385, '2022-03-01', '2023-05-01', 6, CURRENT_TIMESTAMP, CURRENT_TIMESTAMP);

INSERT INTO coches_extras (coche_id, extras_id) VALUES (1, 1);
INSERT INTO coches_extras (coche_id, extras_id) VALUES (1, 2);
INSERT INTO coches_extras (coche_id, extras_id) VALUES (2, 2);
INSERT INTO coches_extras (coche_id, extras_id) VALUES (2, 2);
INSERT INTO coches_extras (coche_id, extras_id) VALUES (3, 3);
INSERT INTO coches_extras (coche_id, extras_id) VALUES (3, 2);
INSERT INTO coches_extras (coche_id, extras_id) VALUES (4, 1);
INSERT INTO coches_extras (coche_id, extras_id) VALUES (4, 2);
INSERT INTO coches_extras (coche_id, extras_id) VALUES (5, 2);
INSERT INTO coches_extras (coche_id, extras_id) VALUES (5, 3);
INSERT INTO coches_extras (coche_id, extras_id) VALUES (6, 1);
INSERT INTO coches_extras (coche_id, extras_id) VALUES (6, 2);
INSERT INTO coches_extras (coche_id, extras_id) VALUES (7, 2);
INSERT INTO coches_extras (coche_id, extras_id) VALUES (7, 3);
INSERT INTO coches_extras (coche_id, extras_id) VALUES (7, 4);
INSERT INTO coches_extras (coche_id, extras_id) VALUES (8, 2);
INSERT INTO coches_extras (coche_id, extras_id) VALUES (8, 3);
INSERT INTO coches_extras (coche_id, extras_id) VALUES (8, 4);
INSERT INTO coches_extras (coche_id, extras_id) VALUES (9, 1);
INSERT INTO coches_extras (coche_id, extras_id) VALUES (9, 2);
INSERT INTO coches_extras (coche_id, extras_id) VALUES (10, 2);
INSERT INTO coches_extras (coche_id, extras_id) VALUES (10, 3);
